f,violation,stationarity,complementarity,dual_min,f_gap,y_inf,y_rel,iteration,problem,method,config,diverged,primal_lr
-94.81188794844108,0.3467248506431604,0.00014263517462076436,0.7126506265638729,0.48175921025681123,-1.4785883945292966,1.2939319778450171,0.4615068167110753,20000,qp_active,ALM (rho=0),lr=0.0001,False,0.025472576427598502
-93.55158573585567,0.08924658121491102,6.569307208792452e-05,0.1005888113285021,0.6016868405827641,-0.21828618194388127,0.7071705221364969,0.32193481754508085,20000,qp_active,ALM (rho=0),lr=0.0003,False,0.025472576427598502
-93.35485535549346,0.012466111525693435,7.159519814337045e-06,0.02286547629345724,0.7348802002065461,-0.021555801581669698,0.5739771625127149,0.2202931351105827,20000,qp_active,ALM (rho=0),lr=0.001,False,0.025472576427598502
-93.34188385905814,0.005255395887730607,1.0324777706571808e-05,0.008133877250914965,1.0830832009736788,-0.008584305146356996,0.22577416174558218,0.08597086883301046,20000,qp_active,ALM (rho=0),lr=0.003,False,0.025472576427598502
-93.3336605401932,0.0001949403761951629,1.2771694173352444e-06,0.0002795368516561113,1.2669179039483442,-0.00036098628140734945,0.008372845723061184,0.0031882605210003944,20000,qp_active,ALM (rho=0),lr=0.01,False,0.025472576427598502
-93.33329958309567,1.5687350973792036e-08,3.086881861236179e-10,2.2427228516082037e-08,1.2698365507691618,-2.9183880201344437e-08,6.733929396318672e-07,2.5642643235839865e-07,20000,qp_active,ALM (rho=0),lr=0.03,False,0.025472576427598502
-93.33329955391181,8.881784197001252e-16,1.7763568394002505e-15,1.6547831586682236e-15,1.26983678550078,-2.842170943040401e-14,6.17284001691587e-14,2.3292419419722574e-14,20000,qp_active,ALM (rho=0),lr=0.1,False,0.025472576427598502
-93.3332995539118,0.0,3.552713678800501e-15,0.0,1.2698367855008044,-1.4210854715202004e-14,1.2878587085651816e-14,4.956408535512217e-15,20000,qp_active,ALM (rho=0),lr=0.3,False,0.025472576427598502
-93.3332995539118,0.0,8.881784197001252e-16,0.0,1.2698367855008064,-1.4210854715202004e-14,1.4654943925052066e-14,5.594474713298115e-15,20000,qp_active,ALM (rho=0),lr=1,False,0.025472576427598502
-95.14813947151356,0.45194623947672774,1.6084779147815276,0.6864225187665491,0.42195032867347315,-1.8148399176017733,1.3537408594283553,0.5544803996353653,20000,qp_active,ALM (rho=1),lr=0.0001,False,0.017117804745729968
-93.75331311207435,0.09749701182003312,0.21169220569040448,0.16031117358287963,0.5957977032992569,-0.4200135581625659,0.780272563041036,0.3403386490998914,20000,qp_active,ALM (rho=1),lr=0.0003,False,0.017117804745729968
-93.36052917055068,0.011505468808720387,0.01652509272724423,0.02111086765110801,0.7317068032894262,-0.02722961663889123,0.5771505594298348,0.22255549989836768,20000,qp_active,ALM (rho=1),lr=0.001,False,0.017117804745729968
-93.34218573463932,0.005327485720015623,0.006900851304362021,0.008057129218158394,1.0759966502541456,-0.008886180727529336,0.23286071246511542,0.08813512755884748,20000,qp_active,ALM (rho=1),lr=0.003,False,0.017117804745729968
-93.33369223561978,0.00020828732635980174,0.0002706965305527831,0.0002916832314233839,1.2666650573923095,-0.00039268170799289237,0.009098947262886625,0.0034437939787830755,20000,qp_active,ALM (rho=1),lr=0.01,False,0.017117804745729968
-93.3332995905284,1.932840998364327e-08,2.5363030786706986e-08,2.6980178960627518e-08,1.2698364915230926,-3.661661196474597e-08,8.434681306734859e-07,3.1924973120139625e-07,20000,qp_active,ALM (rho=1),lr=0.03,False,0.017117804745729968
-93.33329955391183,8.881784197001252e-16,7.105427357601002e-15,1.6547831586682234e-15,1.2698367855007833,-4.263256414560601e-14,5.417888360170764e-14,2.0958684060094225e-14,20000,qp_active,ALM (rho=1),lr=0.1,False,0.017117804745729968
-93.3332995539118,0.0,3.552713678800501e-15,0.0,1.2698367855008044,-1.4210854715202004e-14,1.1324274851176597e-14,4.529539214172766e-15,20000,qp_active,ALM (rho=1),lr=0.3,False,0.017117804745729968
-93.3332995539118,0.0,7.105427357601002e-15,0.0,1.2698367855008064,-1.4210854715202004e-14,1.4654943925052066e-14,5.567697586583949e-15,20000,qp_active,ALM (rho=1),lr=1,False,0.017117804745729968
-94.17551039731045,0.18309735761352464,6.551212911141185,0.07356954840172897,0.11334487652560701,-0.8422108433986608,1.6216562286799998,0.8584909849431406,20000,qp_active,ALM (rho=10),lr=0.0001,False,0.004331518705531157
-93.94436311076342,0.12588506314607883,4.498418442925889,0.12738431849450446,0.2939306874094456,-0.6110635568516329,1.2617259328043406,0.642929245598309,20000,qp_active,ALM (rho=10),lr=0.0003,False,0.004331518705531157
-93.53313313525916,0.03139622930202357,1.1865098208564238,0.06197745644226962,0.6511720166310075,-0.19983358134737728,0.6576853460882535,0.2960260597855356,20000,qp_active,ALM (rho=10),lr=0.001,False,0.004331518705531157
-93.3471791510236,0.005319096442466531,0.06948358430361878,0.007283296307279693,1.013665875782089,-0.013879597111809971,0.2951914869371719,0.11045945643686077,20000,qp_active,ALM (rho=10),lr=0.003,False,0.004331518705531157
-93.33406752631993,0.00035912376026558945,0.0046423840362130875,0.0004635065229733895,1.2634979888574158,-0.0007679724081413042,0.018197778873837,0.006595665467186994,20000,qp_active,ALM (rho=10),lr=0.01,False,0.004331518705531157
-93.3332997873124,1.083524931999591e-07,1.407042766743416e-06,1.4181736600756767e-07,1.269834881646341,-2.3340061261478695e-07,5.468136172748217e-06,1.9817551135275376e-06,20000,qp_active,ALM (rho=10),lr=0.03,False,0.004331518705531157
-93.33329955391179,8.881784197001252e-16,2.4868995751603507e-14,1.755451181694029e-15,1.2698367855007784,0.0,6.727951529228449e-14,2.3925349201363275e-14,20000,qp_active,ALM (rho=10),lr=0.1,False,0.004331518705531157
-93.33329955391181,0.0,2.1316282072803006e-14,0.0,1.2698367855007984,-2.842170943040401e-14,1.2878587085651816e-14,5.369240090604356e-15,20000,qp_active,ALM (rho=10),lr=0.3,False,0.004331518705531157
-93.33329955391179,0.0,3.197442310920451e-14,0.0,1.2698367855008041,0.0,1.6431300764452317e-14,5.482689578037206e-15,20000,qp_active,ALM (rho=10),lr=1,False,0.004331518705531157
-94.81188794844108,0.3467248506431604,0.00014263517462076436,0.7126506265638729,0.48175921025681123,-1.4785883945292966,1.2939319778450171,0.4615068167110753,20000,qp_active,nuPI (rho=0),"ki=0.0001, kp=0",False,0.025472576427598502
-94.81199468810905,0.3467429578628014,0.0001426359615592787,0.7127296914749088,0.48165782657204165,-1.4786951341972667,1.2940333615297868,0.4615724631788564,20000,qp_active,nuPI (rho=0),"ki=0.0001, kp=0.0001",False,0.025472576427598502
-94.81225737566459,0.34664995397835163,0.00014256443407845154,0.712719068031504,0.4819747447161483,-1.4789578217528003,1.29371644338568,0.4616865273321852,20000,qp_active,nuPI (rho=0),"ki=0.0001, kp=0.001",False,0.025472576427598502
-93.55158573585567,0.08924658121491102,6.569307208792452e-05,0.1005888113285021,0.6016868405827641,-0.21828618194388127,0.7071705221364969,0.32193481754508085,20000,qp_active,nuPI (rho=0),"ki=0.0003, kp=0",False,0.025472576427598502
-93.55165701911636,0.0892651302735401,6.571593347715066e-05,0.10058367087954295,0.6012494331972588,-0.21835746520457633,0.7076079295220022,0.3221292218990013,20000,qp_active,nuPI (rho=0),"ki=0.0003, kp=0.0003",False,0.025472576427598502
-93.55203840251457,0.08923535317803122,6.589369451859284e-05,0.10052237038879915,0.6014575086395706,-0.2187388486027828,0.7073998540796904,0.32244496566173964,20000,qp_active,nuPI (rho=0),"ki=0.0003, kp=0.003",False,0.025472576427598502
-93.35485535549346,0.012466111525693435,7.159519814337045e-06,0.02286547629345724,0.7348802002065461,-0.021555801581669698,0.5739771625127149,0.2202931351105827,20000,qp_active,nuPI (rho=0),"ki=0.001, kp=0",False,0.025472576427598502
-93.354885716961,0.012491487138253987,7.173312242869656e-06,0.02292237204395808,0.7336798481327248,-0.02158616304920713,0.5751775145865362,0.220755174365208,20000,qp_active,nuPI (rho=0),"ki=0.001, kp=0.001",False,0.025472576427598502
-93.35500956307455,0.012493486992184444,7.227730145942246e-06,0.022996278160844194,0.732369903917417,-0.021710009162760002,0.576487458801844,0.22130946345639427,20000,qp_active,nuPI (rho=0),"ki=0.001, kp=0.01",False,0.025472576427598502
-93.34188385905814,0.005255395887730607,1.0324777706571808e-05,0.008133877250914965,1.0830832009736788,-0.008584305146356996,0.22577416174558218,0.08597086883301046,20000,qp_active,nuPI (rho=0),"ki=0.003, kp=0",False,0.025472576427598502
-93.34193112486683,0.005289030227062064,1.0390127098247603e-05,0.008189934064154409,1.0816382127058197,-0.008631570955046186,0.22721915001344128,0.08652109695917258,20000,qp_active,nuPI (rho=0),"ki=0.003, kp=0.003",False,0.025472576427598502
-93.34199349095572,0.00533346298326709,1.0470774029158747e-05,0.008264100363090993,1.079728620710296,-0.008693937043929623,0.22912874200896494,0.087248268131778,20000,qp_active,nuPI (rho=0),"ki=0.003, kp=0.03",False,0.025472576427598502
-93.3336605401932,0.0001949403761951629,1.2771694173352444e-06,0.0002795368516561113,1.2669179039483442,-0.00036098628140734945,0.008372845723061184,0.0031882605210003944,20000,qp_active,nuPI (rho=0),"ki=0.01, kp=0",False,0.025472576427598502
-93.33366867204364,0.00019935225163614234,1.3057699517204924e-06,0.00028588306981445474,1.2668518438141831,-0.00036911813185724895,0.008562339894803594,0.003260417193650077,20000,qp_active,nuPI (rho=0),"ki=0.01, kp=0.01",False,0.025472576427598502
-93.33368247921035,0.00020684533144699202,1.3520154249491156e-06,0.00029666341041950726,1.266739646232824,-0.00038292529856676083,0.008884179099523992,0.0033829688733051713,20000,qp_active,nuPI (rho=0),"ki=0.01, kp=0.1",False,0.025472576427598502
-93.33329958309567,1.5687350973792036e-08,3.086881861236179e-10,2.2427228516082037e-08,1.2698365507691618,-2.9183880201344437e-08,6.733929396318672e-07,2.5642643235839865e-07,20000,qp_active,nuPI (rho=0),"ki=0.03, kp=0",False,0.025472576427598502
-93.33329958546669,1.6961860360709125e-08,3.3353231287946983e-10,2.4249313170572734e-08,1.2698365316983555,-3.155490446715703e-08,7.281027745165147e-07,2.772597984450399e-07,20000,qp_active,nuPI (rho=0),"ki=0.03, kp=0.03",False,0.025472576427598502
-93.33329959145509,2.0180834781058365e-08,3.943458892763374e-10,2.8851270626328522e-08,1.2698364835305236,-3.7543301800724294e-08,8.662848201002049e-07,3.2987909502024174e-07,20000,qp_active,nuPI (rho=0),"ki=0.03, kp=0.3",False,0.025472576427598502
-93.33329955391181,8.881784197001252e-16,1.7763568394002505e-15,1.6547831586682236e-15,1.26983678550078,-2.842170943040401e-14,6.17284001691587e-14,2.3292419419722574e-14,20000,qp_active,nuPI (rho=0),"ki=0.1, kp=0",False,0.025472576427598502
-93.33329955391184,1.3322676295501878e-15,1.7763568394002505e-15,2.6331767725410363e-15,1.2698367855007846,-5.684341886080802e-14,4.618527782440651e-14,1.7172921949295557e-14,20000,qp_active,nuPI (rho=0),"ki=0.1, kp=0.1",False,0.025472576427598502
-93.33329955391181,8.881784197001252e-16,1.7763568394002505e-15,1.654783158668224e-15,1.2698367855007797,-2.842170943040401e-14,6.061817714453355e-14,2.2923554400019976e-14,20000,qp_active,nuPI (rho=0),"ki=0.1, kp=1",False,0.025472576427598502
-93.3332995539118,0.0,3.552713678800501e-15,0.0,1.2698367855008044,-1.4210854715202004e-14,1.2878587085651816e-14,4.956408535512217e-15,20000,qp_active,nuPI (rho=0),"ki=0.3, kp=0",False,0.025472576427598502
-93.33329955391184,4.440892098500626e-16,7.105427357601002e-15,8.777255908470093e-16,1.2698367855007877,-5.684341886080802e-14,3.774758283725532e-14,1.3578270495818089e-14,20000,qp_active,nuPI (rho=0),"ki=0.3, kp=0.3",False,0.025472576427598502
-93.3332995539118,0.0,3.552713678800501e-15,0.0,1.2698367855007988,-1.4210854715202004e-14,4.6629367034256575e-15,1.5196341800134134e-15,20000,qp_active,nuPI (rho=0),"ki=0.3, kp=3",False,0.025472576427598502
-93.3332995539118,0.0,8.881784197001252e-16,0.0,1.2698367855008064,-1.4210854715202004e-14,1.4654943925052066e-14,5.594474713298115e-15,20000,qp_active,nuPI (rho=0),"ki=1, kp=0",False,0.025472576427598502
-93.3332995539118,0.0,8.881784197001252e-16,0.0,1.2698367855008061,-1.4210854715202004e-14,1.509903313490213e-14,5.7071877379839e-15,20000,qp_active,nuPI (rho=0),"ki=1, kp=1",False,0.025472576427598502
5942.993236998284,9.70581601472682,190.33610200021377,8168.120710919048,0.0,6036.326536552197,98.69114263728073,45.73586538083827,20000,qp_active,nuPI (rho=0),"ki=1, kp=10",False,0.025472576427598502
-95.14813947151356,0.45194623947672774,1.6084779147815276,0.6864225187665491,0.42195032867347315,-1.8148399176017733,1.3537408594283553,0.5544803996353653,20000,qp_active,nuPI (rho=1),"ki=0.0001, kp=0",False,0.017117804745729968
-95.14819623198028,0.45194689856651227,1.6085436014926628,0.6864605873740238,0.42182472647523817,-1.814896678068493,1.3538664616265903,0.5545318092987657,20000,qp_active,nuPI (rho=1),"ki=0.0001, kp=0.0001",False,0.017117804745729968
-95.1472308969344,0.45137384452731943,1.6076568119421353,0.6862384285408853,0.42182646883064917,-1.8139313430226167,1.3538647192711792,0.5545205610659923,20000,qp_active,nuPI (rho=1),"ki=0.0001, kp=0.001",False,0.017117804745729968
-93.75331311207435,0.09749701182003312,0.21169220569040448,0.16031117358287963,0.5957977032992569,-0.4200135581625659,0.780272563041036,0.3403386490998914,20000,qp_active,nuPI (rho=1),"ki=0.0003, kp=0",False,0.017117804745729968
-93.75344518796237,0.09752037064720964,0.2117930801600032,0.16036114640270852,0.5955191006958389,-0.42014563405058425,0.7805307949746384,0.34048196274659054,20000,qp_active,nuPI (rho=1),"ki=0.0003, kp=0.0003",False,0.017117804745729968
-93.7536856168995,0.0974820008502868,0.21258046465263902,0.16013407091761123,0.5960486314173253,-0.42038606298771697,0.7806455781116001,0.3408058829699583,20000,qp_active,nuPI (rho=1),"ki=0.0003, kp=0.003",False,0.017117804745729968
-93.36052917055068,0.011505468808720387,0.01652509272724423,0.02111086765110801,0.7317068032894262,-0.02722961663889123,0.5771505594298348,0.22255549989836768,20000,qp_active,nuPI (rho=1),"ki=0.001, kp=0",False,0.017117804745729968
-93.36056278246812,0.011520488237602322,0.01655101440957374,0.021147903427043622,0.73087056946497,-0.027263228556336117,0.577986793254291,0.22288205996223803,20000,qp_active,nuPI (rho=1),"ki=0.001, kp=0.001",False,0.017117804745729968
-93.36074297978169,0.011501342651711433,0.016638760584458012,0.02122770578745503,0.7296948911170701,-0.02744342586990456,0.5791624716021909,0.22344127236485978,20000,qp_active,nuPI (rho=1),"ki=0.001, kp=0.01",False,0.017117804745729968
-93.34218573463932,0.005327485720015623,0.006900851304362021,0.008057129218158394,1.0759966502541456,-0.008886180727529336,0.23286071246511542,0.08813512755884748,20000,qp_active,nuPI (rho=1),"ki=0.003, kp=0",False,0.017117804745729968
-93.34222027144303,0.005351447135591769,0.006931892023350983,0.008096179257599373,1.0749489872929965,-0.008920717531239575,0.23390837542626453,0.08853167345178238,20000,qp_active,nuPI (rho=1),"ki=0.003, kp=0.003",False,0.017117804745729968
-93.34228359936513,0.005395078835821465,0.006988470794009771,0.008167581133609625,1.0730364705836224,-0.008984045453345857,0.23582089213563862,0.08925582887512508,20000,qp_active,nuPI (rho=1),"ki=0.003, kp=0.03",False,0.017117804745729968
-93.33369223561978,0.00020828732635980174,0.0002706965305527831,0.0002916832314233839,1.2666650573923095,-0.00039268170799289237,0.009098947262886625,0.0034437939787830755,20000,qp_active,nuPI (rho=1),"ki=0.01, kp=0",False,0.017117804745729968
-93.33369857878559,0.0002116680722705766,0.0002750899461467782,0.0002964331811962496,1.2666135761145179,-0.000399024873800613,0.009246634883083305,0.0034996911710485678,20000,qp_active,nuPI (rho=1),"ki=0.01, kp=0.01",False,0.017117804745729968
-93.33371289723615,0.00021930137755798995,0.00028500757854743597,0.0003071598064786918,1.2664973346799273,-0.0004133433243680429,0.00958010307260837,0.0036259029702300793,20000,qp_active,nuPI (rho=1),"ki=0.01, kp=0.1",False,0.017117804745729968
-93.3332995905284,1.932840998364327e-08,2.5363030786706986e-08,2.6980178960627518e-08,1.2698364915230926,-3.661661196474597e-08,8.434681306734859e-07,3.1924973120139625e-07,20000,qp_active,nuPI (rho=1),"ki=0.03, kp=0",False,0.017117804745729968
-93.33329959275046,2.0501341957412933e-08,2.6901908256604656e-08,2.861745155248943e-08,1.2698364736828749,-3.883867805143382e-08,8.946543834653653e-07,3.38623535788922e-07,20000,qp_active,nuPI (rho=1),"ki=0.03, kp=0.03",False,0.017117804745729968
-93.33329960024113,2.4455404812329107e-08,3.20875948034427e-08,3.4136853743923725e-08,1.2698364135389435,-4.632934746950923e-08,1.067215387839937e-06,4.039371322216081e-07,20000,qp_active,nuPI (rho=1),"ki=0.03, kp=0.3",False,0.017117804745729968
-93.33329955391183,8.881784197001252e-16,7.105427357601002e-15,1.6547831586682234e-15,1.2698367855007833,-4.263256414560601e-14,5.417888360170764e-14,2.0958684060094225e-14,20000,qp_active,nuPI (rho=1),"ki=0.1, kp=0",False,0.017117804745729968
-93.33329955391181,1.3322676295501878e-15,1.7763568394002505e-15,2.6331767725410402e-15,1.2698367855007826,-2.842170943040401e-14,4.9960036108132044e-14,1.8949454783661376e-14,20000,qp_active,nuPI (rho=1),"ki=0.1, kp=0.1",False,0.017117804745729968
-93.33329955391181,8.881784197001252e-16,7.105427357601002e-15,1.7554511816940302e-15,1.2698367855007813,-2.842170943040401e-14,5.573319583618286e-14,2.158586498131299e-14,20000,qp_active,nuPI (rho=1),"ki=0.1, kp=1",False,0.017117804745729968
-93.3332995539118,0.0,3.552713678800501e-15,0.0,1.2698367855008044,-1.4210854715202004e-14,1.1324274851176597e-14,4.529539214172766e-15,20000,qp_active,nuPI (rho=1),"ki=0.3, kp=0",False,0.017117804745729968
-93.33329955391184,4.440892098500626e-16,7.105427357601002e-15,8.777255908470086e-16,1.2698367855007884,-5.684341886080802e-14,3.6415315207705135e-14,1.3093465542691502e-14,20000,qp_active,nuPI (rho=1),"ki=0.3, kp=0.3",False,0.017117804745729968
-93.33329955391181,0.0,3.552713678800501e-15,0.0,1.2698367855007986,-2.842170943040401e-14,6.661338147750939e-15,2.238298647377728e-15,20000,qp_active,nuPI (rho=1),"ki=0.3, kp=3",False,0.017117804745729968
-93.3332995539118,0.0,7.105427357601002e-15,0.0,1.2698367855008064,-1.4210854715202004e-14,1.4654943925052066e-14,5.567697586583949e-15,20000,qp_active,nuPI (rho=1),"ki=1, kp=0",False,0.017117804745729968
-93.3332995539118,0.0,3.552713678800501e-15,0.0,1.269836785500806,-1.4210854715202004e-14,1.3988810110276972e-14,5.3735459499175095e-15,20000,qp_active,nuPI (rho=1),"ki=1, kp=1",False,0.017117804745729968
5005.860280859737,4.169895804292059,260.534626510729,7550.570826322398,0.0,5099.193580413649,98.69114263728073,45.73586538083827,20000,qp_active,nuPI (rho=1),"ki=1, kp=10",False,0.017117804745729968
-94.37076059145987,0.3269198426755402,1.2706507899498618,0.5834271174176796,0.4910094944798514,-1.0374610375480842,0.8178478682394096,0.31491602751777903,20000,qp_active,PBM,gamma=0.1,False,0.017117804745729968
-93.3332995539118,0.0,5.329070518200751e-15,0.0,1.2698367855008021,-1.4210854715202004e-14,5.10702591327572e-15,2.4601912053955787e-15,20000,qp_active,PBM,gamma=0.3,False,0.017117804745729968
-93.3332995539118,0.0,3.552713678800501e-15,0.0,1.2698367855008037,-1.4210854715202004e-14,9.325873406851315e-15,3.882349959091264e-15,20000,qp_active,PBM,gamma=0.5,False,0.017117804745729968
-94.10003963376184,0.26827152010118205,0.7842665130765711,0.5317115450347969,0.7536776514824409,-0.7667400798500523,0.5551797112368201,0.18192700043102242,20000,qp_active,PBM,gamma=0.7,False,0.017117804745729968
-93.17019528269927,0.1398217351771529,1.0188122252443037,0.18607621610783623,0.9640239867950805,0.16310427121251792,0.3448333759241805,0.14239114746033155,20000,qp_active,PBM,gamma=0.9,False,0.017117804745729968
-93.33329955391181,8.881784197001252e-16,1.7763568394002505e-15,1.6547831586682242e-15,1.2698367855007808,-2.842170943040401e-14,5.88418203051333e-14,2.207919974300093e-14,20000,qp_active,iALM (beta=0.1),beta=0.1,False,0.024287180012492013
-93.3332995539118,0.0,5.329070518200751e-15,0.0,1.2698367855008037,-1.4210854715202004e-14,1.1102230246251565e-14,4.494049981976282e-15,20000,qp_active,iALM (beta=1),beta=1,False,0.017117804745729968
-93.3332995539118,0.0,2.1316282072803006e-14,0.0,1.269836785500806,-1.4210854715202004e-14,9.325873406851315e-15,4.347561538551322e-15,20000,qp_active,iALM (beta=10),beta=10,False,0.004331518705531157
-47.15171434307938,0.21454776505650308,7.068077158267627e-05,0.23175922456246112,0.0,-0.43279272254712,0.953596632941411,0.5118867574686745,20000,qp_inactive,ALM (rho=0),lr=0.0001,False,0.03142117904511284
-46.83757384614853,0.08701494719727298,2.879403165367833e-05,0.08322242025598847,0.0,-0.1186522256162732,0.4250777081691912,0.21832949743194235,20000,qp_inactive,ALM (rho=0),lr=0.0003,False,0.03142117904511284
-46.72607185489578,0.004916971050946239,5.442026411506262e-06,0.006675119487581566,0.0,-0.00715023436352169,0.023925556623544786,0.012271400143468924,20000,qp_inactive,ALM (rho=0),lr=0.001,False,0.03142117904511284
-46.71892353776645,1.307670883798906e-06,4.347211923771965e-09,1.8065297680044981e-06,0.0,-1.917234193626882e-06,6.359538008871013e-06,3.2617955381285054e-06,20000,qp_inactive,ALM (rho=0),lr=0.003,False,0.03142117904511284
-46.71892162053228,1.0880185641326534e-14,3.552713678800501e-15,1.5030899569302354e-14,0.0,-2.1316282072803006e-14,5.417888360170764e-14,2.867442575374464e-14,20000,qp_inactive,ALM (rho=0),lr=0.01,False,0.03142117904511284
-46.71892162053228,2.6645352591003757e-15,3.552713678800501e-15,3.681036629217002e-15,0.0,-2.1316282072803006e-14,1.709743457922741e-14,9.043249026812693e-15,20000,qp_inactive,ALM (rho=0),lr=0.03,False,0.03142117904511284
-46.71892162053227,6.661338147750939e-16,5.329070518200751e-15,9.202591573042584e-16,0.0,-1.4210854715202004e-14,5.10702591327572e-15,2.6366232675854696e-15,20000,qp_inactive,ALM (rho=0),lr=0.1,False,0.03142117904511284
-46.71892162053225,4.440892098500626e-16,5.329070518200751e-15,6.132790006021902e-16,0.0,7.105427357601002e-15,1.9984014443252818e-15,1.048012361665608e-15,20000,qp_inactive,ALM (rho=0),lr=0.3,False,0.03142117904511284
-46.71892162053224,4.440892098500626e-16,3.552713678800501e-15,6.132790006021901e-16,0.0,1.4210854715202004e-14,1.9984014443252818e-15,1.0783958234250663e-15,20000,qp_inactive,ALM (rho=0),lr=1,False,0.03142117904511284
-47.17493821400192,0.24730328097678456,0.33263312689924973,0.19754435070737053,0.0,-0.4560165934696627,1.0067858369525446,0.5953810602530205,20000,qp_inactive,ALM (rho=1),lr=0.0001,False,0.017773467398370157
-46.87908531689268,0.08715398403438845,0.10341001377037795,0.07509347676005987,0.0,-0.16016369636042072,0.5198745271011653,0.2726580197390027,20000,qp_inactive,ALM (rho=1),lr=0.0003,False,0.017773467398370157
-46.730879172811996,0.00820781066844778,0.0074746108426074764,0.010943812433686567,0.0,-0.011957552279739048,0.048151695157866214,0.02470143923164739,20000,qp_inactive,ALM (rho=1),lr=0.001,False,0.017773467398370157
-46.718934585445034,8.843155455906526e-06,8.137874495162123e-06,1.2216298504863207e-05,0.0,-1.296491277713585e-05,5.182083591037667e-05,2.6578777509772953e-05,20000,qp_inactive,ALM (rho=1),lr=0.003,False,0.017773467398370157
-46.718921620532285,1.0658141036401503e-14,1.8207657603852567e-14,1.4724146516867507e-14,0.0,-2.842170943040401e-14,6.417089082333405e-14,3.5232181616467715e-14,20000,qp_inactive,ALM (rho=1),lr=0.01,False,0.017773467398370157
-46.71892162053225,3.3306690738754696e-15,4.884981308350689e-15,4.601295786521242e-15,0.0,7.105427357601002e-15,2.020605904817785e-14,1.116659073437519e-14,20000,qp_inactive,ALM (rho=1),lr=0.03,False,0.017773467398370157
-46.718921620532264,8.881784197001252e-16,2.9976021664879227e-15,1.2270122097390127e-15,0.0,-7.105427357601002e-15,3.552713678800501e-15,1.9424433787782247e-15,20000,qp_inactive,ALM (rho=1),lr=0.1,False,0.017773467398370157
-46.71892162053224,0.0,1.7763568394002505e-15,0.0,0.0,1.4210854715202004e-14,1.7763568394002505e-15,9.373707527777577e-16,20000,qp_inactive,ALM (rho=1),lr=0.3,False,0.017773467398370157
-46.71892162053226,0.0,3.552713678800501e-15,0.0,0.0,0.0,1.7763568394002505e-15,9.16460224503562e-16,20000,qp_inactive,ALM (rho=1),lr=1,False,0.017773467398370157
-46.94624125115952,0.10171154554118411,1.4618747217498615,0.02270147076047747,0.0,-0.2273196306272638,1.2101321491799797,0.8573825907118267,20000,qp_inactive,ALM (rho=10),lr=0.0001,False,0.003620493922165934
-46.88917615188789,0.07141444412936249,1.064165623554688,0.04048551869630024,0.0,-0.1702545313556314,0.9281973466048423,0.6320432282025927,20000,qp_inactive,ALM (rho=10),lr=0.0003,False,0.003620493922165934
-46.77939427130649,0.0243092680468322,0.35556041660782256,0.024695652278029015,0.0,-0.06047265077422992,0.365598409182758,0.22341077407985246,20000,qp_inactive,ALM (rho=10),lr=0.001,False,0.003620493922165934
-46.72211000854893,0.0016767589218065204,0.01853902897253379,0.0022744785531620877,0.0,-0.003188388016674537,0.025019724964012058,0.013372580674860501,20000,qp_inactive,ALM (rho=10),lr=0.003,False,0.003620493922165934
-46.718921811693036,1.28696793444405e-07,1.1594561435401829e-06,1.7779346523504834e-07,0.0,-1.9116077965009026e-07,1.9065107232929535e-06,9.785191470011373e-07,20000,qp_inactive,ALM (rho=10),lr=0.01,False,0.003620493922165934
-46.71892162053227,3.552713678800501e-15,5.3290705182007514e-14,4.908048838955929e-15,0.0,-1.4210854715202004e-14,3.774758283725532e-14,2.7248558509143357e-14,20000,qp_inactive,ALM (rho=10),lr=0.03,False,0.003620493922165934
-46.71892162053227,8.881784197001252e-16,1.687538997430238e-14,1.227012209739018e-15,0.0,-1.4210854715202004e-14,6.8833827526759706e-15,3.739130070013371e-15,20000,qp_inactive,ALM (rho=10),lr=0.1,False,0.003620493922165934
-46.71892162053227,2.220446049250313e-16,2.1316282072803006e-14,3.067530524347565e-16,0.0,-1.4210854715202004e-14,1.1546319456101628e-14,6.0929098930554246e-15,20000,qp_inactive,ALM (rho=10),lr=0.3,False,0.003620493922165934
-46.71892162053225,0.0,2.1316282072803006e-14,0.0,0.0,7.105427357601002e-15,4.218847493575595e-15,2.1717177186962414e-15,20000,qp_inactive,ALM (rho=10),lr=1,False,0.003620493922165934
-47.15171434307938,0.21454776505650308,7.068077158267627e-05,0.23175922456246112,0.0,-0.43279272254712,0.953596632941411,0.5118867574686745,20000,qp_inactive,nuPI (rho=0),"ki=0.0001, kp=0",False,0.03142117904511284
-47.15177343231947,0.21459802396380656,7.069179180940743e-05,0.23179996032011,0.0,-0.43285181178721643,0.9536623941322175,0.5119285908864666,20000,qp_inactive,nuPI (rho=0),"ki=0.0001, kp=0.0001",False,0.03142117904511284
-47.152265034696306,0.2150499926177245,7.079138683940833e-05,0.23217047777762106,0.0,-0.43334341416404953,0.9538041330059495,0.5120821250847528,20000,qp_inactive,nuPI (rho=0),"ki=0.0001, kp=0.001",False,0.03142117904511284
-46.83757384614853,0.08701494719727298,2.879403165367833e-05,0.08322242025598847,0.0,-0.1186522256162732,0.4250777081691912,0.21832949743194235,20000,qp_inactive,nuPI (rho=0),"ki=0.0003, kp=0",False,0.03142117904511284
-46.83761232891309,0.08703749624472523,2.8800230572390007e-05,0.08323421609780193,0.0,-0.11869070838083218,0.42518996335676806,0.2183876144531497,20000,qp_inactive,nuPI (rho=0),"ki=0.0003, kp=0.0003",False,0.03142117904511284
-46.83783350979345,0.08711862158142947,2.881636106133456e-05,0.08327540925194467,0.0,-0.11891188926119156,0.42560763808085234,0.2186068321741497,20000,qp_inactive,nuPI (rho=0),"ki=0.0003, kp=0.003",False,0.03142117904511284
-46.72607185489578,0.004916971050946239,5.442026411506262e-06,0.006675119487581566,0.0,-0.00715023436352169,0.023925556623544786,0.012271400143468924,20000,qp_inactive,nuPI (rho=0),"ki=0.001, kp=0",False,0.03142117904511284
-46.72608234314354,0.004924242876586993,5.448952060227441e-06,0.006684817233606715,0.0,-0.007160722611281756,0.023960942211377123,0.0122895494157693,20000,qp_inactive,nuPI (rho=0),"ki=0.001, kp=0.001",False,0.03142117904511284
-46.72614406820736,0.004967039331283507,5.486135694954264e-06,0.006741880365587869,0.0,-0.007222447675104604,0.02416919994345812,0.012396364957272052,20000,qp_inactive,nuPI (rho=0),"ki=0.001, kp=0.01",False,0.03142117904511284
-46.71892353776645,1.307670883798906e-06,4.347211923771965e-09,1.8065297680044981e-06,0.0,-1.917234193626882e-06,6.359538008871013e-06,3.2617955381285054e-06,20000,qp_inactive,nuPI (rho=0),"ki=0.003, kp=0",False,0.03142117904511284
-46.718923556115826,1.320186273634505e-06,4.386107477216683e-09,1.8238195306613732e-06,0.0,-1.935583568979382e-06,6.420406798879341e-06,3.2930150362417152e-06,20000,qp_inactive,nuPI (rho=0),"ki=0.003, kp=0.003",False,0.03142117904511284
-46.718923699540085,1.4180102796412797e-06,4.6850525681207955e-09,1.958961400879062e-06,0.0,-2.079007828115209e-06,6.896181405036117e-06,3.5370390271659477e-06,20000,qp_inactive,nuPI (rho=0),"ki=0.003, kp=0.03",False,0.03142117904511284
-46.71892162053228,1.0880185641326534e-14,3.552713678800501e-15,1.5030899569302354e-14,0.0,-2.1316282072803006e-14,5.417888360170764e-14,2.867442575374464e-14,20000,qp_inactive,nuPI (rho=0),"ki=0.01, kp=0",False,0.03142117904511284
-46.718921620532306,1.6653345369377348e-14,3.552713678800501e-15,2.3006478932605105e-14,0.0,-4.973799150320701e-14,8.659739592076221e-14,4.5940730898058887e-14,20000,qp_inactive,nuPI (rho=0),"ki=0.01, kp=0.01",False,0.03142117904511284
-46.71892162053228,1.9317880628477724e-14,1.7763568394002505e-15,2.6687515561821755e-14,0.0,-2.1316282072803006e-14,9.525713551283843e-14,4.917939520741924e-14,20000,qp_inactive,nuPI (rho=0),"ki=0.01, kp=0.1",False,0.03142117904511284
-46.71892162053228,2.6645352591003757e-15,3.552713678800501e-15,3.681036629217002e-15,0.0,-2.1316282072803006e-14,1.709743457922741e-14,9.043249026812693e-15,20000,qp_inactive,nuPI (rho=0),"ki=0.03, kp=0",False,0.03142117904511284
-46.71892162053228,5.329070518200751e-15,3.552713678800501e-15,7.362073258433935e-15,0.0,-2.1316282072803006e-14,2.9976021664879227e-14,1.5771065256093052e-14,20000,qp_inactive,nuPI (rho=0),"ki=0.03, kp=0.03",False,0.03142117904511284
-46.71892162053227,7.105427357601002e-15,1.1102230246251565e-15,9.816097677911871e-15,0.0,-1.4210854715202004e-14,3.597122599785507e-14,1.8474207112880466e-14,20000,qp_inactive,nuPI (rho=0),"ki=0.03, kp=0.3",False,0.03142117904511284
-46.71892162053227,6.661338147750939e-16,5.329070518200751e-15,9.202591573042584e-16,0.0,-1.4210854715202004e-14,5.10702591327572e-15,2.6366232675854696e-15,20000,qp_inactive,nuPI (rho=0),"ki=0.1, kp=0",False,0.03142117904511284
-46.718921620532264,2.220446049250313e-16,5.329070518200751e-15,6.132790006021906e-16,0.0,-7.105427357601002e-15,2.886579864025407e-15,1.4951335744587742e-15,20000,qp_inactive,nuPI (rho=0),"ki=0.1, kp=0.1",False,0.03142117904511284
-46.71892162053227,1.1102230246251565e-15,1.7763568394002505e-15,1.5337652621737632e-15,0.0,-1.4210854715202004e-14,5.995204332975845e-15,3.102666373416343e-15,20000,qp_inactive,nuPI (rho=0),"ki=0.1, kp=1",False,0.03142117904511284
-46.71892162053225,4.440892098500626e-16,5.329070518200751e-15,6.132790006021902e-16,0.0,7.105427357601002e-15,1.9984014443252818e-15,1.048012361665608e-15,20000,qp_inactive,nuPI (rho=0),"ki=0.3, kp=0",False,0.03142117904511284
-46.71892162053225,0.0,5.329070518200751e-15,6.135061048695073e-16,0.0,7.105427357601002e-15,1.3322676295501878e-15,6.820374042471943e-16,20000,qp_inactive,nuPI (rho=0),"ki=0.3, kp=0.3",False,0.03142117904511284
5678.560439930592,5.955960193883401,191.76604340357716,10921.831161641581,0.0,5725.279361551125,100.0,73.02195394515132,20000,qp_inactive,nuPI (rho=0),"ki=0.3, kp=3",False,0.03142117904511284
-46.71892162053224,4.440892098500626e-16,3.552713678800501e-15,6.132790006021901e-16,0.0,1.4210854715202004e-14,1.9984014443252818e-15,1.0783958234250663e-15,20000,qp_inactive,nuPI (rho=0),"ki=1, kp=0",False,0.03142117904511284
-46.71892162053225,4.440892098500626e-16,3.552713678800501e-15,6.132790006021902e-16,0.0,7.105427357601002e-15,1.9984014443252818e-15,1.048012361665608e-15,20000,qp_inactive,nuPI (rho=0),"ki=1, kp=1",False,0.03142117904511284
7062.067999758623,0.0,233.00314128651627,10817.69466447666,0.0,7108.7869213791555,100.0,88.26652629998758,20000,qp_inactive,nuPI (rho=0),"ki=1, kp=10",False,0.03142117904511284
-47.17493821400192,0.24730328097678456,0.33263312689924973,0.19754435070737053,0.0,-0.4560165934696627,1.0067858369525446,0.5953810602530205,20000,qp_inactive,nuPI (rho=1),"ki=0.0001, kp=0",False,0.017773467398370157
-47.17498983656868,0.24734740565988433,0.33267903385091735,0.19755494853462374,0.0,-0.4560682160364209,1.006855319864544,0.5954373920141429,20000,qp_inactive,nuPI (rho=1),"ki=0.0001, kp=0.0001",False,0.017773467398370157
-47.17529419496245,0.2476219751828359,0.33294234379773435,0.1976224353279912,0.0,-0.4563725744301905,1.0071045233724052,0.5957049917841514,20000,qp_inactive,nuPI (rho=1),"ki=0.0001, kp=0.001",False,0.017773467398370157
-46.87908531689268,0.08715398403438845,0.10341001377037795,0.07509347676005987,0.0,-0.16016369636042072,0.5198745271011653,0.2726580197390027,20000,qp_inactive,nuPI (rho=1),"ki=0.0003, kp=0",False,0.017773467398370157
-46.87914671268342,0.08717471293060097,0.10344900239411103,0.07510013676980368,0.0,-0.16022509215116543,0.5200030091848209,0.2727305673365843,20000,qp_inactive,nuPI (rho=1),"ki=0.0003, kp=0.0003",False,0.017773467398370157
-46.87952355717148,0.08726339651456327,0.10367419268194622,0.07512685856370843,0.0,-0.16060193663922462,0.5205722996552687,0.27307224890110354,20000,qp_inactive,nuPI (rho=1),"ki=0.0003, kp=0.003",False,0.017773467398370157
-46.730879172811996,0.00820781066844778,0.0074746108426074764,0.010943812433686567,0.0,-0.011957552279739048,0.048151695157866214,0.02470143923164739,20000,qp_inactive,nuPI (rho=1),"ki=0.001, kp=0",False,0.017773467398370157
-46.730894284500806,0.008218061357656348,0.0074834609677645325,0.01095698535462908,0.0,-0.011972663968549568,0.048211897396612136,0.024732342532557954,20000,qp_inactive,nuPI (rho=1),"ki=0.001, kp=0.001",False,0.017773467398370157
-46.73098586840863,0.00827942968472306,0.007535024382589239,0.011035820942446676,0.0,-0.012064247876374168,0.04857250663405388,0.02491751097187145,20000,qp_inactive,nuPI (rho=1),"ki=0.001, kp=0.01",False,0.017773467398370157
-46.718934585445034,8.843155455906526e-06,8.137874495162123e-06,1.2216298504863207e-05,0.0,-1.296491277713585e-05,5.182083591037667e-05,2.6578777509772953e-05,20000,qp_inactive,nuPI (rho=1),"ki=0.003, kp=0",False,0.017773467398370157
-46.71893467998254,8.90763859473509e-06,8.197242453045206e-06,1.2305374797627799e-05,0.0,-1.3059450282071339e-05,5.21987398087731e-05,2.677260353611707e-05,20000,qp_inactive,nuPI (rho=1),"ki=0.003, kp=0.003",False,0.017773467398370157
-46.718935400811134,9.399308695368092e-06,8.649962208728823e-06,1.2984560818190591e-05,0.0,-1.3780278877106866e-05,5.508023814893015e-05,2.8250517415522143e-05,20000,qp_inactive,nuPI (rho=1),"ki=0.003, kp=0.03",False,0.017773467398370157
-46.718921620532285,1.0658141036401503e-14,1.8207657603852567e-14,1.4724146516867507e-14,0.0,-2.842170943040401e-14,6.417089082333405e-14,3.5232181616467715e-14,20000,qp_inactive,nuPI (rho=1),"ki=0.01, kp=0",False,0.017773467398370157
-46.71892162053229,1.6431300764452317e-14,2.842170943040401e-14,2.2699725880170157e-14,0.0,-3.552713678800501e-14,9.947598300641403e-14,5.467288389057701e-14,20000,qp_inactive,nuPI (rho=1),"ki=0.01, kp=0.01",False,0.017773467398370157
-46.7189216205323,2.1316282072803006e-14,2.4868995751603507e-14,2.944829303373371e-14,0.0,-4.263256414560601e-14,1.2523315717771766e-13,6.566723204363436e-14,20000,qp_inactive,nuPI (rho=1),"ki=0.01, kp=0.1",False,0.017773467398370157
-46.71892162053225,3.3306690738754696e-15,4.884981308350689e-15,4.601295786521242e-15,0.0,7.105427357601002e-15,2.020605904817785e-14,1.116659073437519e-14,20000,qp_inactive,nuPI (rho=1),"ki=0.03, kp=0",False,0.017773467398370157
-46.71892162053228,5.551115123125783e-15,8.881784197001252e-15,7.668826310868672e-15,0.0,-2.1316282072803006e-14,3.197442310920451e-14,1.7604626028485725e-14,20000,qp_inactive,nuPI (rho=1),"ki=0.03, kp=0.03",False,0.017773467398370157
-46.71892162053227,7.105427357601002e-15,8.43769498715119e-15,9.816097677911827e-15,0.0,-1.4210854715202004e-14,4.218847493575595e-14,2.1902027729496946e-14,20000,qp_inactive,nuPI (rho=1),"ki=0.03, kp=0.3",False,0.017773467398370157
-46.718921620532264,8.881784197001252e-16,2.9976021664879227e-15,1.2270122097390127e-15,0.0,-7.105427357601002e-15,3.552713678800501e-15,1.9424433787782247e-15,20000,qp_inactive,nuPI (rho=1),"ki=0.1, kp=0",False,0.017773467398370157
-46.71892162053225,1.5543122344752192e-15,3.552713678800501e-15,2.147271367043268e-15,0.0,7.105427357601002e-15,6.217248937900877e-15,3.201057947895485e-15,20000,qp_inactive,nuPI (rho=1),"ki=0.1, kp=0.1",False,0.017773467398370157
-46.718921620532264,1.1102230246251565e-15,5.329070518200751e-15,1.533765262173764e-15,0.0,-7.105427357601002e-15,5.329070518200751e-15,2.8418225176966426e-15,20000,qp_inactive,nuPI (rho=1),"ki=0.1, kp=1",False,0.017773467398370157
-46.71892162053224,0.0,1.7763568394002505e-15,0.0,0.0,1.4210854715202004e-14,1.7763568394002505e-15,9.373707527777577e-16,20000,qp_inactive,nuPI (rho=1),"ki=0.3, kp=0",False,0.017773467398370157
-46.71892162053226,4.440892098500626e-16,1.7763568394002505e-15,6.132790006021902e-16,0.0,0.0,1.3322676295501878e-15,7.189305489500442e-16,20000,qp_inactive,nuPI (rho=1),"ki=0.3, kp=0.3",False,0.017773467398370157
-46.71892162053226,0.0,1.7763568394002505e-15,0.0,0.0,0.0,1.9984014443252818e-15,1.0293518956789774e-15,20000,qp_inactive,nuPI (rho=1),"ki=0.3, kp=3",False,0.017773467398370157
-46.71892162053226,0.0,3.552713678800501e-15,0.0,0.0,0.0,1.7763568394002505e-15,9.16460224503562e-16,20000,qp_inactive,nuPI (rho=1),"ki=1, kp=0",False,0.017773467398370157
-46.71892162053226,0.0,1.7763568394002505e-15,0.0,0.0,0.0,1.1102230246251565e-15,5.683645035393285e-16,20000,qp_inactive,nuPI (rho=1),"ki=1, kp=1",False,0.017773467398370157
4971.19727668842,0.0,239.79843397048427,8967.581419004344,0.0,5017.9161983089525,100.0,74.46586716694895,20000,qp_inactive,nuPI (rho=1),"ki=1, kp=10",False,0.017773467398370157
-46.71892161976704,0.0,0.0002977711311267228,0.00014716099336270798,0.0001,7.652189992768399e-10,0.0001,0.00010425400833408564,20000,qp_inactive,PBM,gamma=0.1,False,0.017773467398370157
-46.71892161976704,0.0,0.0002977711311267228,0.00014716099336270798,0.0001,7.652189992768399e-10,0.0001,0.00010425400833414005,20000,qp_inactive,PBM,gamma=0.3,False,0.017773467398370157
-46.71892161976703,0.0,0.0002977711311267228,0.00014716099336270798,0.0001,7.652261047041975e-10,0.0001,0.00010425400833426634,20000,qp_inactive,PBM,gamma=0.5,False,0.017773467398370157
-46.71892161976704,0.0,0.0002977711311267228,0.00014716099336270798,0.0001,7.652189992768399e-10,0.0001,0.00010425400833425779,20000,qp_inactive,PBM,gamma=0.7,False,0.017773467398370157
-46.63097015717349,0.01423752525196842,0.1684581444226066,0.10644434287620545,0.0001,0.08795146335876325,0.03898901338658933,0.020785968895760253,20000,qp_inactive,PBM,gamma=0.9,False,0.017773467398370157
-46.71892162053226,6.661338147750939e-16,1.7763568394002505e-15,9.202591573042596e-16,0.0,0.0,3.3306690738754696e-15,1.7201831278596264e-15,20000,qp_inactive,iALM (beta=0.1),beta=0.1,False,0.029180496394012278
-46.71892162053226,2.220446049250313e-16,7.105427357601002e-15,3.067530524347533e-16,0.0,0.0,2.886579864025407e-15,1.48211329540216e-15,20000,qp_inactive,iALM (beta=1),beta=1,False,0.017773467398370157
-46.71892162053225,2.220446049250313e-16,2.1316282072803006e-14,3.067530524347545e-16,0.0,7.105427357601002e-15,4.440892098500626e-15,2.594632203826256e-15,20000,qp_inactive,iALM (beta=10),beta=10,False,0.003620493922165934
0.5814547034139785,0.052949500562959884,8.831507218309831e-07,0.011856104188486654,0.0,-0.03757310057206564,0.11864661491642448,0.22676448379812575,20000,svm_iris,ALM (rho=0),lr=0.0001,False,1.0
0.6185733877084336,0.0038859033885828564,1.0424976937262187e-08,0.001318879595484667,0.0,-0.0004544162776105587,0.06756743199192822,0.15090784633047055,20000,svm_iris,ALM (rho=0),lr=0.0003,False,1.0
0.6187591799504604,0.0017370560332533591,1.777250724366297e-08,0.0006544540593017586,0.0,-0.00026862403558380876,0.030207980805025736,0.06746793988576413,20000,svm_iris,ALM (rho=0),lr=0.001,False,1.0
0.618996082339769,0.0001741150391352253,5.3450108783437145e-09,7.033212286146605e-05,0.0,-3.172164627518459e-05,0.003027917992270035,0.006762699048597423,20000,svm_iris,ALM (rho=0),lr=0.003,False,1.0
0.6190277935333137,5.642344003131683e-08,5.776101819066071e-12,2.2962504997910227e-08,0.0,-1.045273045896522e-08,9.812218847438103e-07,2.1915121253768873e-06,20000,svm_iris,ALM (rho=0),lr=0.01,False,1.0
0.0,1.0,0.0,0.0,0.0,-0.6190278039860442,0.4069684575963365,1.0,20000,svm_iris,ALM (rho=0),lr=0.03,False,1.0
0.0,2137.645044727131,0.0,0.0,0.0,-0.6190278039860442,0.4069684575963365,1.0,20000,svm_iris,ALM (rho=0),lr=0.1,False,1.0
0.0,4658.655567693775,0.0,0.0,0.0,-0.6190278039860442,0.4069684575963365,1.0,20000,svm_iris,ALM (rho=0),lr=0.3,False,1.0
0.0,1.0,0.0,0.0,0.0,-0.6190278039860442,0.4069684575963365,1.0,20000,svm_iris,ALM (rho=0),lr=1,False,1.0
0.5490658034569785,0.06472259994518947,0.13285470726056892,0.016618115312910547,0.0,-0.06996200052906565,0.16538408363758453,0.30642547786238705,20000,svm_iris,ALM (rho=1),lr=0.0001,False,0.0032718833831884148
0.6155521148142218,0.005904237184701455,0.006747743588408572,0.0019870355442942146,0.0,-0.0034756891718223937,0.07042446687678205,0.14952684283526096,20000,svm_iris,ALM (rho=1),lr=0.0003,False,0.0032718833831884148
0.6187195771803462,0.001812123367578966,0.002342326665411787,0.0006796597035870763,0.0,-0.00030822680569797534,0.03190585659080142,0.06926321083588037,20000,svm_iris,ALM (rho=1),lr=0.001,False,0.0032718833831884148
0.6189904278639126,0.00018911702314194923,0.00023491944424486322,7.635768801609459e-05,0.0,-3.737612213161601e-05,0.0032095217400898157,0.006961146535464176,20000,svm_iris,ALM (rho=1),lr=0.003,False,0.0032718833831884148
0.6190278019763953,9.864218553090609e-09,1.157559770259553e-08,4.014424431621968e-09,0.0,-2.0096488917431543e-09,1.3972951584673154e-07,3.0157986615673987e-07,20000,svm_iris,ALM (rho=1),lr=0.01,False,0.0032718833831884148
0.6190278039860362,1.305622276959184e-13,1.915134717478395e-13,8.156668928309024e-14,0.0,-7.993605777301127e-15,2.194355808171622e-13,4.330658566363203e-13,20000,svm_iris,ALM (rho=1),lr=0.03,False,0.0032718833831884148
0.6190278039860635,3.175237850427948e-14,5.917488721252084e-14,1.2058373546290213e-14,0.0,1.9317880628477724e-14,3.042011087472929e-14,8.038667127528398e-14,20000,svm_iris,ALM (rho=1),lr=0.1,False,0.0032718833831884148
0.6190278039860431,4.707345624410664e-14,4.962141808562137e-13,1.2431443657781839e-14,0.0,-1.1102230246251565e-15,4.821698595947055e-13,1.067180515518212e-12,20000,svm_iris,ALM (rho=1),lr=0.3,False,0.0032718833831884148
0.619027803986044,6.661338147750939e-16,1.4477308241112041e-13,2.3643869698602644e-16,0.0,-2.220446049250313e-16,1.3994361225400098e-13,3.1400119207914293e-13,20000,svm_iris,ALM (rho=1),lr=1,False,0.0032718833831884148
0.5882480334600442,0.0282773316066115,0.585285059180677,0.0019615364898036562,0.0,-0.030779770526000005,0.3427312421585942,0.8206134800134248,20000,svm_iris,ALM (rho=10),lr=0.0001,False,0.0003281546537015473
0.5984041503914481,0.01920896181675069,0.388427134393505,0.0031554968360259232,0.0,-0.02062365359459606,0.24617720594127998,0.5565782887802909,20000,svm_iris,ALM (rho=10),lr=0.0003,False,0.0003281546537015473
0.6139660699792006,0.0057498809252337635,0.09129719022394989,0.0018170141502796486,0.0,-0.005061734006843621,0.0909594525566752,0.1725240826464286,20000,svm_iris,ALM (rho=10),lr=0.001,False,0.0003281546537015473
0.618735125281145,0.0007859354633654725,0.010142439322702979,0.0003109891639770913,0.0,-0.0002926787048991297,0.011275454197053059,0.018824133947134863,20000,svm_iris,ALM (rho=10),lr=0.003,False,0.0003281546537015473
0.6190220882792726,3.720103800253227e-05,0.0006851847256595378,1.5011901878976852e-05,0.0,-5.715706771547424e-06,0.0034339681029252334,0.007305296217293688,20000,svm_iris,ALM (rho=10),lr=0.01,False,0.0003281546537015473
0.6190246299959131,1.9499792609400934e-05,0.0008686967823692271,7.852279752399841e-06,0.0,-3.1739901310556817e-06,0.0042831619273854815,0.009434987186339287,20000,svm_iris,ALM (rho=10),lr=0.03,False,0.0003281546537015473
0.6190369992557688,6.626859252434336e-05,0.0012968833477665642,2.4026784228386007e-05,0.0,9.195269724648902e-06,0.004211764622687075,0.008592952470683674,20000,svm_iris,ALM (rho=10),lr=0.1,False,0.0003281546537015473
0.6190351957329518,4.124667208071919e-05,0.000875316516249447,1.652144232224339e-05,0.0,7.391746907670083e-06,0.0028822483882027794,0.0059493089569407,20000,svm_iris,ALM (rho=10),lr=0.3,False,0.0003281546537015473
0.6190290752680165,4.547915332997476e-06,0.0012544366746056745,2.3763586194607035e-06,0.0,1.2712819723592617e-06,0.0051643441472952745,0.011527121685864368,20000,svm_iris,ALM (rho=10),lr=1,False,0.0003281546537015473
0.5814547034139785,0.052949500562959884,8.831507218309831e-07,0.011856104188486654,0.0,-0.03757310057206564,0.11864661491642448,0.22676448379812575,20000,svm_iris,nuPI (rho=0),"ki=0.0001, kp=0",False,1.0
0.581449227242963,0.05268857475328648,3.24455460137818e-07,0.011931862676887705,0.0,-0.03757857674308118,0.11864641847302215,0.22676319191665287,20000,svm_iris,nuPI (rho=0),"ki=0.0001, kp=0.0001",False,1.0
0.5814022926708795,0.05265862102017893,5.577445643112355e-07,0.01194877449173559,0.0,-0.03762551131516467,0.11864651805274568,0.22675178493711975,20000,svm_iris,nuPI (rho=0),"ki=0.0001, kp=0.001",False,1.0
0.6185733877084336,0.0038859033885828564,1.0424976937262187e-08,0.001318879595484667,0.0,-0.0004544162776105587,0.06756743199192822,0.15090784633047055,20000,svm_iris,nuPI (rho=0),"ki=0.0003, kp=0",False,1.0
0.6185733887293063,0.003885750269834398,1.2443488406344017e-08,0.0013188379776749232,0.0,-0.000454415256737839,0.06756476819477103,0.15090189438763518,20000,svm_iris,nuPI (rho=0),"ki=0.0003, kp=0.0003",False,1.0
0.6185733988405135,0.0038844446262494836,1.2459690168498128e-08,0.0013184860402212623,0.0,-0.00045440514553063416,0.06754128921517993,0.15084942151639094,20000,svm_iris,nuPI (rho=0),"ki=0.0003, kp=0.003",False,1.0
0.6187591799504604,0.0017370560332533591,1.777250724366297e-08,0.0006544540593017586,0.0,-0.00026862403558380876,0.030207980805025736,0.06746793988576413,20000,svm_iris,nuPI (rho=0),"ki=0.001, kp=0",False,1.0
0.6187591983047814,0.001736908053479369,1.776997116120782e-08,0.0006544027761605181,0.0,-0.00026860568126274575,0.030205407387881023,0.06746219229272628,20000,svm_iris,nuPI (rho=0),"ki=0.001, kp=0.001",False,1.0
0.0,224.52350205850942,0.0,0.0,0.0,-0.6190278039860442,0.4069684575963365,1.0,20000,svm_iris,nuPI (rho=0),"ki=0.001, kp=0.01",False,1.0
0.618996082339769,0.0001741150391352253,5.3450108783437145e-09,7.033212286146605e-05,0.0,-3.172164627518459e-05,0.003027917992270035,0.006762699048597423,20000,svm_iris,nuPI (rho=0),"ki=0.003, kp=0",False,1.0
0.0,1.0000000000000089,0.0,0.0,0.0,-0.6190278039860442,0.4069684575963365,1.0,20000,svm_iris,nuPI (rho=0),"ki=0.003, kp=0.003",False,1.0
0.0,115.63562036090165,0.0,0.0,0.0,-0.6190278039860442,0.4069684575963365,1.0,20000,svm_iris,nuPI (rho=0),"ki=0.003, kp=0.03",False,1.0
0.6190277935333137,5.642344003131683e-08,5.776101819066071e-12,2.2962504997910227e-08,0.0,-1.045273045896522e-08,9.812218847438103e-07,2.1915121253768873e-06,20000,svm_iris,nuPI (rho=0),"ki=0.01, kp=0",False,1.0
0.0,331.8867865850789,0.0,0.0,0.0,-0.6190278039860442,0.4069684575963365,1.0,20000,svm_iris,nuPI (rho=0),"ki=0.01, kp=0.01",False,1.0
0.0,37.2483910897373,0.0,0.0,0.0,-0.6190278039860442,0.4069684575963365,1.0,20000,svm_iris,nuPI (rho=0),"ki=0.01, kp=0.1",False,1.0
0.0,1.0,0.0,0.0,0.0,-0.6190278039860442,0.4069684575963365,1.0,20000,svm_iris,nuPI (rho=0),"ki=0.03, kp=0",False,1.0
0.0,93.35961890932384,0.0,0.0,0.0,-0.6190278039860442,0.4069684575963365,1.0,20000,svm_iris,nuPI (rho=0),"ki=0.03, kp=0.03",False,1.0
0.0,59.39817429794253,0.0,0.0,0.0,-0.6190278039860442,0.4069684575963365,1.0,20000,svm_iris,nuPI (rho=0),"ki=0.03, kp=0.3",False,1.0
0.0,2137.645044727131,0.0,0.0,0.0,-0.6190278039860442,0.4069684575963365,1.0,20000,svm_iris,nuPI (rho=0),"ki=0.1, kp=0",False,1.0
0.0,250.4219035607433,0.0,0.0,0.0,-0.6190278039860442,0.4069684575963365,1.0,20000,svm_iris,nuPI (rho=0),"ki=0.1, kp=0.1",False,1.0
0.0,1.0000000000027147,0.0,0.0,0.0,-0.6190278039860442,0.4069684575963365,1.0,20000,svm_iris,nuPI (rho=0),"ki=0.1, kp=1",False,1.0
0.0,4658.655567693775,0.0,0.0,0.0,-0.6190278039860442,0.4069684575963365,1.0,20000,svm_iris,nuPI (rho=0),"ki=0.3, kp=0",False,1.0
0.0,1.0000000000025917,0.0,0.0,0.0,-0.6190278039860442,0.4069684575963365,1.0,20000,svm_iris,nuPI (rho=0),"ki=0.3, kp=0.3",False,1.0
0.0,15.336730223734802,0.0,0.0,0.0,-0.6190278039860442,0.4069684575963365,1.0,20000,svm_iris,nuPI (rho=0),"ki=0.3, kp=3",False,1.0
0.0,1.0,0.0,0.0,0.0,-0.6190278039860442,0.4069684575963365,1.0,20000,svm_iris,nuPI (rho=0),"ki=1, kp=0",False,1.0
0.0,1.0,0.0,0.0,0.0,-0.6190278039860442,0.4069684575963365,1.0,20000,svm_iris,nuPI (rho=0),"ki=1, kp=1",False,1.0
0.0,1.0,0.0,0.0,0.0,-0.6190278039860442,0.4069684575963365,1.0,20000,svm_iris,nuPI (rho=0),"ki=1, kp=10",False,1.0
0.5490658034569785,0.06472259994518947,0.13285470726056892,0.016618115312910547,0.0,-0.06996200052906565,0.16538408363758453,0.30642547786238705,20000,svm_iris,nuPI (rho=1),"ki=0.0001, kp=0",False,0.0032718833831884148
0.5490476355041621,0.06473959170861698,0.13289079464158016,0.016621975964269613,0.0,-0.06998016848188204,0.1653994909371744,0.30646575070056414,20000,svm_iris,nuPI (rho=1),"ki=0.0001, kp=0.0001",False,0.0032718833831884148
0.5489181186300361,0.06485409421065025,0.13314406242630528,0.016643575603348733,0.0,-0.07010968535600803,0.16550454668557138,0.3067617571530266,20000,svm_iris,nuPI (rho=1),"ki=0.0001, kp=0.001",False,0.0032718833831884148
0.6155521148142218,0.005904237184701455,0.006747743588408572,0.0019870355442942146,0.0,-0.0034756891718223937,0.07042446687678205,0.14952684283526096,20000,svm_iris,nuPI (rho=1),"ki=0.0003, kp=0",False,0.0032718833831884148
0.6155467254990865,0.005909275410876713,0.006755430050720879,0.001988712973203553,0.0,-0.003481078486957667,0.07042753930657564,0.14952600075622308,20000,svm_iris,nuPI (rho=1),"ki=0.0003, kp=0.0003",False,0.0032718833831884148
0.6155004518567186,0.0059525033176585085,0.006818278773489617,0.0020032057563481595,0.0,-0.003527352129325534,0.07043680873433378,0.14948294025941758,20000,svm_iris,nuPI (rho=1),"ki=0.0003, kp=0.003",False,0.0032718833831884148
0.6187195771803462,0.001812123367578966,0.002342326665411787,0.0006796597035870763,0.0,-0.00030822680569797534,0.03190585659080142,0.06926321083588037,20000,svm_iris,nuPI (rho=1),"ki=0.001, kp=0",False,0.0032718833831884148
0.6187195973934423,0.0018119789659692964,0.002342142531839342,0.0006796100939307191,0.0,-0.00030820659260188954,0.03190334553132429,0.06925776130736835,20000,svm_iris,nuPI (rho=1),"ki=0.001, kp=0.001",False,0.0032718833831884148
0.6187198445910694,0.001810213183492393,0.002339882743442212,0.0006790035792717563,0.0,-0.0003079593949747439,0.03187253769933629,0.06919089643881356,20000,svm_iris,nuPI (rho=1),"ki=0.001, kp=0.01",False,0.0032718833831884148
0.6189904278639126,0.00018911702314194923,0.00023491944424486322,7.635768801609459e-05,0.0,-3.737612213161601e-05,0.0032095217400898157,0.006961146535464176,20000,svm_iris,nuPI (rho=1),"ki=0.003, kp=0",False,0.0032718833831884148
0.6189904630925807,0.00018893604804959274,0.0002346972630727917,7.628519173583511e-05,0.0,-3.734089346352221e-05,0.003206483513913394,0.0069545587041922935,20000,svm_iris,nuPI (rho=1),"ki=0.003, kp=0.003",False,0.0032718833831884148
0.6189904896516109,0.00018880085754990894,0.00023455288519980133,7.623098400559023e-05,0.0,-3.731433443332488e-05,0.0032044864213708335,0.0069502432800737195,20000,svm_iris,nuPI (rho=1),"ki=0.003, kp=0.03",False,0.0032718833831884148
0.6190278019763953,9.864218553090609e-09,1.157559770259553e-08,4.014424431621968e-09,0.0,-2.0096488917431543e-09,1.3972951584673154e-07,3.0157986615673987e-07,20000,svm_iris,nuPI (rho=1),"ki=0.01, kp=0",False,0.0032718833831884148
0.6190278019781357,9.855895100052692e-09,1.1559471491118245e-08,4.011037050753412e-09,0.0,-2.007908506129752e-09,1.3964701411905978e-07,3.0140404299697486e-07,20000,svm_iris,nuPI (rho=1),"ki=0.01, kp=0.01",False,0.0032718833831884148
0.6190278018246069,1.0611592049514229e-08,1.2384961778355574e-08,4.318581649940092e-09,0.0,-2.161437251402276e-09,1.5069296421810208e-07,3.252662626406664e-07,20000,svm_iris,nuPI (rho=1),"ki=0.01, kp=0.1",False,0.0032718833831884148
0.6190278039860362,1.305622276959184e-13,1.915134717478395e-13,8.156668928309024e-14,0.0,-7.993605777301127e-15,2.194355808171622e-13,4.330658566363203e-13,20000,svm_iris,nuPI (rho=1),"ki=0.03, kp=0",False,0.0032718833831884148
0.6190278039860401,4.6407322429331543e-14,6.372680161348399e-14,2.885033150774313e-14,0.0,-4.107825191113079e-15,9.064970996064403e-14,1.9615819166586393e-13,20000,svm_iris,nuPI (rho=1),"ki=0.03, kp=0.03",False,0.0032718833831884148
0.6190278039860437,1.2212453270876722e-15,1.709743457922741e-14,4.970083271116682e-16,0.0,-4.440892098500626e-16,5.306866057708248e-14,1.1884962408446147e-13,20000,svm_iris,nuPI (rho=1),"ki=0.03, kp=0.3",False,0.0032718833831884148
0.6190278039860635,3.175237850427948e-14,5.917488721252084e-14,1.2058373546290213e-14,0.0,1.9317880628477724e-14,3.042011087472929e-14,8.038667127528398e-14,20000,svm_iris,nuPI (rho=1),"ki=0.1, kp=0",False,0.0032718833831884148
0.6190278039860437,4.440892098500626e-16,1.2434497875801753e-14,1.8073030076785795e-16,0.0,-4.440892098500626e-16,5.745404152435185e-15,1.6290926055810025e-14,20000,svm_iris,nuPI (rho=1),"ki=0.1, kp=0.1",False,0.0032718833831884148
0.6190278039860441,1.1102230246251565e-16,1.6653345369377348e-14,3.940644949768461e-17,0.0,-1.1102230246251565e-16,6.961098364399732e-14,1.498910144999491e-13,20000,svm_iris,nuPI (rho=1),"ki=0.1, kp=1",False,0.0032718833831884148
0.6190278039860431,4.707345624410664e-14,4.962141808562137e-13,1.2431443657781839e-14,0.0,-1.1102230246251565e-15,4.821698595947055e-13,1.067180515518212e-12,20000,svm_iris,nuPI (rho=1),"ki=0.3, kp=0",False,0.0032718833831884148
0.6190278039860442,0.0,1.609823385706477e-14,0.0,0.0,0.0,5.0487392044828994e-14,1.1205153852265082e-13,20000,svm_iris,nuPI (rho=1),"ki=0.3, kp=0.3",False,0.0032718833831884148
0.6190278039860442,0.0,1.609823385706477e-14,0.0,0.0,0.0,6.772360450213455e-14,1.4713950182438534e-13,20000,svm_iris,nuPI (rho=1),"ki=0.3, kp=3",False,0.0032718833831884148
0.619027803986044,6.661338147750939e-16,1.4477308241112041e-13,2.3643869698602644e-16,0.0,-2.220446049250313e-16,1.3994361225400098e-13,3.1400119207914293e-13,20000,svm_iris,nuPI (rho=1),"ki=1, kp=0",False,0.0032718833831884148
0.6190278039860442,0.0,1.6542323066914832e-14,0.0,0.0,0.0,4.2049697057677804e-14,9.192633947375455e-14,20000,svm_iris,nuPI (rho=1),"ki=1, kp=1",False,0.0032718833831884148
0.6190278039860442,0.0,1.5432100042289676e-14,0.0,0.0,0.0,5.6565863104651726e-14,1.2629743429922733e-13,20000,svm_iris,nuPI (rho=1),"ki=1, kp=10",False,0.0032718833831884148
0.6190280657662097,1.8096635301390052e-14,0.006283787310582656,0.0002085035581690002,0.0001,2.617801655446783e-07,0.0033782915206396202,0.006952157012189606,20000,svm_iris,PBM,gamma=0.1,False,0.0032718833831884148
0.6190280657662136,0.0,0.006283787310981337,0.000208503558169003,0.0001,2.617801694304589e-07,0.0033782914914551876,0.006952157011903398,20000,svm_iris,PBM,gamma=0.3,False,0.0032718833831884148
0.6190280657662135,0.0,0.006283787311004541,0.00020850355816900314,0.0001,2.617801693194366e-07,0.003378291491552332,0.006952157012056295,20000,svm_iris,PBM,gamma=0.5,False,0.0032718833831884148
0.6190280657662133,0.0,0.006283787311004874,0.0002085035581690034,0.0001,2.61780169097392e-07,0.003378291491532348,0.006952157012027549,20000,svm_iris,PBM,gamma=0.7,False,0.0032718833831884148
0.6190280657662133,7.771561172376096e-16,0.006283787311004763,0.00020850355816900266,0.0001,2.61780169097392e-07,0.0033782914915522766,0.006952157012055969,20000,svm_iris,PBM,gamma=0.9,False,0.0032718833831884148
0.6190278039860443,0.0,8.326672684688674e-16,9.036515038392827e-17,0.0,1.1102230246251565e-16,2.0539125955565396e-15,4.2045407321773714e-15,20000,svm_iris,iALM (beta=0.1),beta=0.1,False,0.03178292365393213
0.6190278039860433,8.659739592076221e-15,2.5590640717609858e-14,4.51519415873057e-15,0.0,-8.881784197001252e-16,1.887379141862766e-14,3.5565281255117955e-14,20000,svm_iris,iALM (beta=1),beta=1,False,0.0032718833831884148
0.6190293221128932,3.529954387371248e-05,0.0013450761548554624,9.127588355924479e-06,0.0,1.5181268490094268e-06,0.006042980039745682,0.012956211296310862,20000,svm_iris,iALM (beta=10),beta=10,False,0.0003281546537015473
-1.3376593860622284e+57,2.3227778640128976e+28,5.111386767505162e+28,2.3227778640128976e+30,0.0,,,,100,qp_nonconvex,ALM (rho=0),lr=0.0001,True,0.4544320298318423
-1.331328569137263e+57,2.317274773406679e+28,5.099276946354888e+28,2.3172747734066788e+30,0.0,,,,100,qp_nonconvex,ALM (rho=0),lr=0.0003,True,0.4544320298318423
-1.3107829129290312e+57,2.299324641660926e+28,5.059776799870062e+28,2.2993246416609257e+30,0.0,,,,100,qp_nonconvex,ALM (rho=0),lr=0.001,True,0.4544320298318423
-1.2571125228257536e+57,2.2517593994576428e+28,4.955107148347287e+28,2.2517593994576428e+30,0.0,,,,100,qp_nonconvex,ALM (rho=0),lr=0.003,True,0.4544320298318423
-1.0960010326188822e+57,2.1025212293911144e+28,4.626701225635893e+28,2.1025212293911144e+30,0.0,,,,100,qp_nonconvex,ALM (rho=0),lr=0.01,True,0.4544320298318423
-7.503753129750556e+56,1.7396992518451482e+28,3.828293644902107e+28,1.739699251845148e+30,0.0,,,,100,qp_nonconvex,ALM (rho=0),lr=0.03,True,0.4544320298318423
-1.7489410031289254e+56,8.398901496099559e+27,1.8482195234362459e+28,8.398901496099559e+29,0.0,,,,100,qp_nonconvex,ALM (rho=0),lr=0.1,True,0.4544320298318423
-2.7102529848134933e+52,1.045538004331656e+26,2.3007577276592497e+26,1.045538004331656e+28,0.0,,,,100,qp_nonconvex,ALM (rho=0),lr=0.3,True,0.4544320298318423
-8.817236700641486e+46,1.8858239969451973e+23,4.1498483230200854e+23,1.8858239969451973e+25,0.0,,,,100,qp_nonconvex,ALM (rho=0),lr=1,True,0.4544320298318423
-1.5210541232132661e+41,2.4768929772791474e+20,5.450524643246853e+20,2.476892977279147e+22,0.0,,,,200,qp_nonconvex,ALM (rho=1),lr=0.0001,True,0.23806411333026348
-1.5042514726089553e+41,2.4631742205128576e+20,5.4203358452183204e+20,2.4631742205128576e+22,0.0,,,,200,qp_nonconvex,ALM (rho=1),lr=0.0003,True,0.23806411333026348
-1.4548055824158443e+41,2.4223527542129957e+20,5.330506203775643e+20,2.4223527542129957e+22,0.0,,,,200,qp_nonconvex,ALM (rho=1),lr=0.001,True,0.23806411333026348
-1.3398968122746424e+41,2.3247196411010112e+20,5.115659743353142e+20,2.324719641101011e+22,0.0,,,,200,qp_nonconvex,ALM (rho=1),lr=0.003,True,0.23806411333026348
-1.0355459222835605e+41,2.043711503096316e+20,4.4972875346233144e+20,2.043711503096316e+22,0.0,,,,200,qp_nonconvex,ALM (rho=1),lr=0.01,True,0.23806411333026348
-4.935334563776939e+40,1.4108901687115573e+20,3.104733108785578e+20,1.4108901687115574e+22,0.0,,,,200,qp_nonconvex,ALM (rho=1),lr=0.03,True,0.23806411333026348
-2.330490938323588e+37,3.0659044603076705e+18,6.746673339557894e+18,3.0659044603076706e+20,0.0,,,,200,qp_nonconvex,ALM (rho=1),lr=0.1,True,0.23806411333026348
-6.967002718693926e+33,5.301001144008976e+16,1.1665113363533206e+17,5.301001144008976e+18,0.0,,,,200,qp_nonconvex,ALM (rho=1),lr=0.3,True,0.23806411333026348
-1093.7723776108778,35.67887543365049,97.9471885641016,3567.887543365049,0.0,,,,20000,qp_nonconvex,ALM (rho=1),lr=1,False,0.23806411333026348
-12.127596881944797,0.31110508219715904,3.1110046559462408,0.21675321449308974,0.0,,,,20000,qp_nonconvex,ALM (rho=10),lr=0.0001,False,0.04504393089226827
-11.143023524538599,0.1990873003852831,1.9907848847702856,0.3383667514081224,0.0,,,,20000,qp_nonconvex,ALM (rho=10),lr=0.0003,False,0.04504393089226827
-9.784839754813488,0.04226291057118625,0.4225681351062742,0.13156512859450986,0.0,,,,20000,qp_nonconvex,ALM (rho=10),lr=0.001,False,0.04504393089226827
-9.423559662550558,0.0005955852510197701,0.005953361583218797,0.002082025626729217,0.0,,,,20000,qp_nonconvex,ALM (rho=10),lr=0.003,False,0.04504393089226827
-9.418694996973924,4.322424640434974e-10,4.316812685090099e-09,1.2051114686946134e-09,0.0,,,,20000,qp_nonconvex,ALM (rho=10),lr=0.01,False,0.04504393089226827
-9.4186949941336,7.327471962526033e-15,7.460698725481052e-14,2.565642309685193e-14,0.0,,,,20000,qp_nonconvex,ALM (rho=10),lr=0.03,False,0.04504393089226827
-9.418694994133558,1.9984014443252818e-15,2.220446049250313e-14,6.997206299141536e-15,0.0,,,,20000,qp_nonconvex,ALM (rho=10),lr=0.1,False,0.04504393089226827
-9.418694994133546,6.661338147750939e-16,6.439293542825908e-15,2.3324020997138555e-15,0.0,,,,20000,qp_nonconvex,ALM (rho=10),lr=0.3,False,0.04504393089226827
-9.418694994133542,2.220446049250313e-16,2.4424906541753444e-15,7.77467366571286e-16,0.0,,,,20000,qp_nonconvex,ALM (rho=10),lr=1,False,0.04504393089226827
-1.3376593860622284e+57,2.3227778640128976e+28,5.111386767505162e+28,2.3227778640128976e+30,0.0,,,,100,qp_nonconvex,nuPI (rho=0),"ki=0.0001, kp=0",True,0.4544320298318423
-1.3354787600026764e+57,2.320883818361749e+28,5.107218827028234e+28,2.320883818361749e+30,0.0,,,,100,qp_nonconvex,nuPI (rho=0),"ki=0.0001, kp=0.0001",True,0.4544320298318423
-1.3229282672339614e+57,2.309952534811495e+28,5.0831640007117445e+28,2.309952534811495e+30,0.0,,,,100,qp_nonconvex,nuPI (rho=0),"ki=0.0001, kp=0.001",True,0.4544320298318423
-1.331328569137263e+57,2.317274773406679e+28,5.099276946354888e+28,2.3172747734066788e+30,0.0,,,,100,qp_nonconvex,nuPI (rho=0),"ki=0.0003, kp=0",True,0.4544320298318423
-1.3251099096158539e+57,2.311856422773165e+28,5.0873535996763565e+28,2.311856422773165e+30,0.0,,,,100,qp_nonconvex,nuPI (rho=0),"ki=0.0003, kp=0.0003",True,0.4544320298318423
-1.2905213281878843e+57,2.2814843874081557e+28,5.02051844420492e+28,2.2814843874081557e+30,0.0,,,,100,qp_nonconvex,nuPI (rho=0),"ki=0.0003, kp=0.003",True,0.4544320298318423
-1.3107829129290312e+57,2.299324641660926e+28,5.059776799870062e+28,2.2993246416609257e+30,0.0,,,,100,qp_nonconvex,nuPI (rho=0),"ki=0.001, kp=0",True,0.4544320298318423
-1.2913403271897867e+57,2.28220821778359e+28,5.022111268495282e+28,2.28220821778359e+30,0.0,,,,100,qp_nonconvex,nuPI (rho=0),"ki=0.001, kp=0.001",True,0.4544320298318423
-1.1900421828111834e+57,2.190867363468836e+28,4.821111232585491e+28,2.1908673634688358e+30,0.0,,,,100,qp_nonconvex,nuPI (rho=0),"ki=0.001, kp=0.01",True,0.4544320298318423
-1.2571125228257536e+57,2.2517593994576428e+28,4.955107148347287e+28,2.2517593994576428e+30,0.0,,,,100,qp_nonconvex,nuPI (rho=0),"ki=0.003, kp=0",True,0.4544320298318423
-1.2045483474599722e+57,2.204179840593689e+28,4.850405992309581e+28,2.2041798405936888e+30,0.0,,,,100,qp_nonconvex,nuPI (rho=0),"ki=0.003, kp=0.003",True,0.4544320298318423
-9.577302735049788e+56,1.9654251800279652e+28,4.3250146358638565e+28,1.9654251800279652e+30,0.0,,,,100,qp_nonconvex,nuPI (rho=0),"ki=0.003, kp=0.03",True,0.4544320298318423
-1.0960010326188822e+57,2.1025212293911144e+28,4.626701225635893e+28,2.1025212293911144e+30,0.0,,,,100,qp_nonconvex,nuPI (rho=0),"ki=0.01, kp=0",True,0.4544320298318423
-9.53258741217282e+56,1.960831640233288e+28,4.31490632594482e+28,1.960831640233288e+30,0.0,,,,100,qp_nonconvex,nuPI (rho=0),"ki=0.01, kp=0.01",True,0.4544320298318423
-4.577467405877266e+56,1.3587749703124323e+28,2.990051055193621e+28,1.3587749703124324e+30,0.0,,,,100,qp_nonconvex,nuPI (rho=0),"ki=0.01, kp=0.1",True,0.4544320298318423
-7.503753129750556e+56,1.7396992518451482e+28,3.828293644902107e+28,1.739699251845148e+30,0.0,,,,100,qp_nonconvex,nuPI (rho=0),"ki=0.03, kp=0",True,0.4544320298318423
-4.863319918281678e+56,1.4005587384711511e+28,3.0819982891379015e+28,1.400558738471151e+30,0.0,,,,100,qp_nonconvex,nuPI (rho=0),"ki=0.03, kp=0.03",True,0.4544320298318423
-4.2285459993054455e+55,4.1298134810050636e+27,9.08785739097959e+27,4.129813481005064e+29,0.0,,,,100,qp_nonconvex,nuPI (rho=0),"ki=0.03, kp=0.3",True,0.4544320298318423
-1.7489410031289254e+56,8.398901496099559e+27,1.8482195234362459e+28,8.398901496099559e+29,0.0,,,,100,qp_nonconvex,nuPI (rho=0),"ki=0.1, kp=0",True,0.4544320298318423
-1.999286334338886e+55,2.839699641952148e+27,6.248898527251731e+27,2.839699641952148e+29,0.0,,,,100,qp_nonconvex,nuPI (rho=0),"ki=0.1, kp=0.1",True,0.4544320298318423
-3.433161790849227e+48,1.1767441370126916e+24,2.589483266497368e+24,1.1767441370126917e+26,0.0,,,,100,qp_nonconvex,nuPI (rho=0),"ki=0.1, kp=1",True,0.4544320298318423
-2.7102529848134933e+52,1.045538004331656e+26,2.3007577276592497e+26,1.045538004331656e+28,0.0,,,,100,qp_nonconvex,nuPI (rho=0),"ki=0.3, kp=0",True,0.4544320298318423
-1.2046785805760152e+53,2.2042989929102536e+26,4.850668192833175e+26,2.2042989929102537e+28,0.0,,,,100,qp_nonconvex,nuPI (rho=0),"ki=0.3, kp=0.3",True,0.4544320298318423
-2.0802339644827375e+53,2.8966164945936147e+26,6.374146856825228e+26,2.8966164945936147e+28,0.0,,,,100,qp_nonconvex,nuPI (rho=0),"ki=0.3, kp=3",True,0.4544320298318423
-8.817236700641486e+46,1.8858239969451973e+23,4.1498483230200854e+23,1.8858239969451973e+25,0.0,,,,100,qp_nonconvex,nuPI (rho=0),"ki=1, kp=0",True,0.4544320298318423
-32.22806689959561,2.585503722670068,3.9103017641691276,15.729218966026972,0.0,,,,20000,qp_nonconvex,nuPI (rho=0),"ki=1, kp=1",False,0.4544320298318423
-2.5276304935264e+57,3.1929469359094075e+28,7.02623654651049e+28,3.1929469359094074e+30,0.0,,,,100,qp_nonconvex,nuPI (rho=0),"ki=1, kp=10",True,0.4544320298318423
-1.5210541232132661e+41,2.4768929772791474e+20,5.450524643246853e+20,2.476892977279147e+22,0.0,,,,200,qp_nonconvex,nuPI (rho=1),"ki=0.0001, kp=0",True,0.23806411333026348
-1.5190828597596581e+41,2.4752874487502904e+20,5.446991598867364e+20,2.4752874487502902e+22,0.0,,,,200,qp_nonconvex,nuPI (rho=1),"ki=0.0001, kp=0.0001",True,0.23806411333026348
-1.4973274553934596e+41,2.45749872931989e+20,5.40784664810986e+20,2.45749872931989e+22,0.0,,,,200,qp_nonconvex,nuPI (rho=1),"ki=0.0001, kp=0.001",True,0.23806411333026348
-1.5042514726089553e+41,2.4631742205128576e+20,5.4203358452183204e+20,2.4631742205128576e+22,0.0,,,,200,qp_nonconvex,nuPI (rho=1),"ki=0.0003, kp=0",True,0.23806411333026348
-1.4991103948961934e+41,2.458961424732929e+20,5.4110653812030806e+20,2.458961424732929e+22,0.0,,,,200,qp_nonconvex,nuPI (rho=1),"ki=0.0003, kp=0.0003",True,0.23806411333026348
-1.441641734610147e+41,2.411368487561646e+20,5.3063347855430556e+20,2.411368487561646e+22,0.0,,,,200,qp_nonconvex,nuPI (rho=1),"ki=0.0003, kp=0.003",True,0.23806411333026348
-1.4548055824158443e+41,2.4223527542129957e+20,5.330506203775643e+20,2.4223527542129957e+22,0.0,,,,200,qp_nonconvex,nuPI (rho=1),"ki=0.001, kp=0",True,0.23806411333026348
-1.440756207410261e+41,2.4106277832865546e+20,5.304704829407777e+20,2.4106277832865547e+22,0.0,,,,200,qp_nonconvex,nuPI (rho=1),"ki=0.001, kp=0.001",True,0.23806411333026348
-1.283073736215616e+41,2.2748916446197642e+20,5.0060107899118866e+20,2.2748916446197644e+22,0.0,,,,200,qp_nonconvex,nuPI (rho=1),"ki=0.001, kp=0.01",True,0.23806411333026348
-1.3398968122746424e+41,2.3247196411010112e+20,5.115659743353142e+20,2.324719641101011e+22,0.0,,,,200,qp_nonconvex,nuPI (rho=1),"ki=0.003, kp=0",True,0.23806411333026348
-1.3060168533314468e+41,2.295140616257133e+20,5.0505696464802965e+20,2.295140616257133e+22,0.0,,,,200,qp_nonconvex,nuPI (rho=1),"ki=0.003, kp=0.003",True,0.23806411333026348
-9.50047684382538e+40,1.9575263187966925e+20,4.3076328037903775e+20,1.9575263187966926e+22,0.0,,,,200,qp_nonconvex,nuPI (rho=1),"ki=0.003, kp=0.03",True,0.23806411333026348
-1.0355459222835605e+41,2.043711503096316e+20,4.4972875346233144e+20,2.043711503096316e+22,0.0,,,,200,qp_nonconvex,nuPI (rho=1),"ki=0.01, kp=0",True,0.23806411333026348
-9.574773455917343e+40,1.9651656373738943e+20,4.3244434995065854e+20,1.9651656373738943e+22,0.0,,,,200,qp_nonconvex,nuPI (rho=1),"ki=0.01, kp=0.01",True,0.23806411333026348
-3.346811416278765e+40,1.1618512479822153e+20,2.556710732762708e+20,1.1618512479822153e+22,0.0,,,,200,qp_nonconvex,nuPI (rho=1),"ki=0.01, kp=0.1",True,0.23806411333026348
-4.935334563776939e+40,1.4108901687115573e+20,3.104733108785578e+20,1.4108901687115574e+22,0.0,,,,200,qp_nonconvex,nuPI (rho=1),"ki=0.03, kp=0",True,0.23806411333026348
-3.711896118994935e+40,1.2235812540553532e+20,2.6925506428499893e+20,1.2235812540553531e+22,0.0,,,,200,qp_nonconvex,nuPI (rho=1),"ki=0.03, kp=0.03",True,0.23806411333026348
-4.2308123600278914e+38,1.3063116204076253e+19,2.874602877114562e+19,1.3063116204076253e+21,0.0,,,,200,qp_nonconvex,nuPI (rho=1),"ki=0.03, kp=0.3",True,0.23806411333026348
-2.330490938323588e+37,3.0659044603076705e+18,6.746673339557894e+18,3.0659044603076706e+20,0.0,,,,200,qp_nonconvex,nuPI (rho=1),"ki=0.1, kp=0",True,0.23806411333026348
-8.495849686633317e+35,5.853805898953601e+17,1.2881587376487818e+18,5.853805898953601e+19,0.0,,,,200,qp_nonconvex,nuPI (rho=1),"ki=0.1, kp=0.1",True,0.23806411333026348
-10.549964941496926,1.0425661244371196,2.7933468202550227,3.78089708202736,0.0,,,,20000,qp_nonconvex,nuPI (rho=1),"ki=0.1, kp=1",False,0.23806411333026348
-6.967002718693926e+33,5.301001144008976e+16,1.1665113363533206e+17,5.301001144008976e+18,0.0,,,,200,qp_nonconvex,nuPI (rho=1),"ki=0.3, kp=0",True,0.23806411333026348
-12621.914798107646,62.70686066772674,191.07853806880178,4385.243982932911,13.56668929958834,,,,20000,qp_nonconvex,nuPI (rho=1),"ki=0.3, kp=0.3",False,0.23806411333026348
-9.418694994133544,4.440892098500626e-16,8.881784197001252e-16,1.5549347331425725e-15,0.0,,,,20000,qp_nonconvex,nuPI (rho=1),"ki=0.3, kp=3",False,0.23806411333026348
-1093.7723776108778,35.67887543365049,97.9471885641016,3567.887543365049,0.0,,,,20000,qp_nonconvex,nuPI (rho=1),"ki=1, kp=0",False,0.23806411333026348
-8.694831194623632,0.5823615883990705,1.6481084561567292,0.8066331292980936,0.0,,,,20000,qp_nonconvex,nuPI (rho=1),"ki=1, kp=1",False,0.23806411333026348
-2.823628051922903e+41,3.374727044425922e+20,7.42625260300138e+20,3.374727044425922e+22,0.0,,,,200,qp_nonconvex,nuPI (rho=1),"ki=1, kp=10",True,0.23806411333026348
-5.149342849129306e+218,1.4478099292084033e+109,3.1773603797591546e+109,1.4478099292084033e+111,1.0,,,,100,qp_nonconvex,PBM,gamma=0.1,True,0.23806411333026348
3.951442675145714e+147,4.07204443884933e+73,8.657687580676717e+73,4.07204443884933e+75,30.0,,,,100,qp_nonconvex,PBM,gamma=0.3,True,0.23806411333026348
1.4638863530976955e+186,7.760610006855243e+92,1.6660412243963223e+93,7.760610006855243e+94,50.0,,,,100,qp_nonconvex,PBM,gamma=0.5,True,0.23806411333026348
1.591275387937105e+208,9.61915745653159e+103,1.7392973438572363e+104,9.619157456531588e+105,70.0,,,,100,qp_nonconvex,PBM,gamma=0.7,True,0.23806411333026348
3.097425491417097e+223,3.6849993395612337e+111,7.760486005346177e+111,3.684999339561234e+113,90.0,,,,100,qp_nonconvex,PBM,gamma=0.9,True,0.23806411333026348
-1.0504224530153242e+51,2.0583390154995734e+25,4.529476094063077e+25,7.868070138856083e+26,0.0,,,,100,qp_nonconvex,iALM (beta=0.1),beta=0.1,True,0.41657135641843557
-1.356946136570193e+41,2.3394631692541303e+20,5.148103601147617e+20,2.1077389254944103e+22,0.0,,,,200,qp_nonconvex,iALM (beta=1),beta=1,True,0.23806411333026348
-9.418694994133547,8.881784197001252e-16,8.659739592076221e-15,3.1098694662851387e-15,0.0,,,,20000,qp_nonconvex,iALM (beta=10),beta=10,False,0.04504393089226827
